tech,type,n,chunksize,unique_vals,ncolumns,time,gctime,memory,allocs
dataframesjl,increment_map,500000000,10000000,10000,4,4.317884e8,158700.0,4000004920,90
dataframesjl,filter_half,500000000,10000000,10000,4,4.57070322e10,3.612174e8,37652761424,1974397697
dataframesjl,reduce_var_all,500000000,10000000,10000,4,4.1324901e9,0.0,13728,277
dataframesjl,reduce_var_single,500000000,10000000,10000,4,1.0318884e9,0.0,4856,85
dataframesjl,groupby_reduce_mean_all,500000000,10000000,10000,4,7.7580663e9,782300.0,8002157112,41998
dataframesjl,groupby_single_col,500000000,10000000,10000,4,3.733718e8,136500.0,4000188504,305
dataframesjl,grouped_reduce_mean_singlecol,500000000,10000000,10000,4,1.0607714e9,0.0,549944,10557
dataframesjl,grouped_reduce_mean_allcols,500000000,10000000,10000,4,4.4847724e9,0.0,1808320,41685
