tech,type,n,chunksize,unique_vals,ncolumns,time,gctime,memory,allocs
dataframesjl,increment_map,1000000000,10000000,10000,4,1.1860786e9,189500.0,8000004920,90
dataframesjl,filter_half,1000000000,10000000,10000,4,1.449543281e11,9.874836e8,75305644480,3948810536
dataframesjl,reduce_var_all,1000000000,10000000,10000,4,9.7691605e9,0.0,13728,277
dataframesjl,reduce_var_single,1000000000,10000000,10000,4,2.062141e9,0.0,4856,85
dataframesjl,groupby_reduce_mean_all,1000000000,10000000,10000,4,1.113327871e11,1.183124e8,16002157016,41995
dataframesjl,groupby_single_col,1000000000,10000000,10000,4,9.483752e8,371100.0,8000188472,304
dataframesjl,grouped_reduce_mean_singlecol,1000000000,10000000,10000,4,2.2617846e9,0.0,549944,10557
dataframesjl,grouped_reduce_mean_allcols,1000000000,10000000,10000,4,1.58465667e10,0.0,1808000,41675
