tech,type,n,chunksize,unique_vals,ncolumns,time,gctime,memory,allocs
dataframesjl,increment_map,100000000,10000000,1000,4,8.70833e7,0.0,800004920,90
dataframesjl,filter_half,100000000,10000000,1000,4,8.1544441e9,4.55311e7,5193326992,248796933
dataframesjl,reduce_var_all,100000000,10000000,1000,4,8.357511e8,0.0,13728,277
dataframesjl,reduce_var_single,100000000,10000000,1000,4,2.07467e8,0.0,4856,85
dataframesjl,groupby_reduce_mean_all,100000000,10000000,1000,4,1.1192435e9,608500.0,1600318872,5895
dataframesjl,groupby_single_col,100000000,10000000,1000,4,6.5088e7,0.0,800043096,305
dataframesjl,grouped_reduce_mean_singlecol,100000000,10000000,1000,4,1.946613e8,0.0,81864,1531
dataframesjl,grouped_reduce_mean_allcols,100000000,10000000,1000,4,7.939229e8,0.0,259680,5595
