tech,type,n,chunksize,unique_vals,ncolumns,time,gctime,memory,allocs
dataframesjl,increment_map,10000000,10000000,1000,4,8.6164e6,0.0,80004920,90
dataframesjl,filter_half,10000000,10000000,1000,4,9.219137e8,2.04083e7,519323120,24881420
dataframesjl,reduce_var_all,10000000,10000000,1000,4,8.25051e7,0.0,13728,277
dataframesjl,reduce_var_single,10000000,10000000,1000,4,2.06499e7,0.0,4856,85
dataframesjl,groupby_reduce_mean_all,10000000,10000000,1000,4,1.095514e8,0.0,160319032,5900
dataframesjl,groupby_single_col,10000000,10000000,1000,4,6.4851e6,0.0,80043064,304
dataframesjl,grouped_reduce_mean_singlecol,10000000,10000000,1000,4,1.19685e7,0.0,81832,1530
dataframesjl,grouped_reduce_mean_allcols,10000000,10000000,1000,4,6.44942e7,0.0,259360,5585
