tech,type,n,chunksize,unique_vals,ncolumns,time,gctime,memory,allocs
dataframesjl,increment_map,1000000000,10000000,1000,4,1.1147874e9,290700.0,8000004920,90
dataframesjl,filter_half,1000000000,10000000,1000,4,1.293018982e11,4.434039e8,51932839728,2488019339
dataframesjl,reduce_var_all,1000000000,10000000,1000,4,9.9491908e9,0.0,13728,277
dataframesjl,reduce_var_single,1000000000,10000000,1000,4,2.0701779e9,0.0,4856,85
dataframesjl,groupby_reduce_mean_all,1000000000,10000000,1000,4,8.33716667e10,2.643908e8,16000318776,5892
dataframesjl,groupby_single_col,1000000000,10000000,1000,4,9.075935e8,282900.0,8000043128,306
dataframesjl,grouped_reduce_mean_singlecol,1000000000,10000000,1000,4,2.2546678e9,0.0,81832,1530
dataframesjl,grouped_reduce_mean_allcols,1000000000,10000000,1000,4,9.2797975e9,0.0,259776,5598
