tech,type,n,chunksize,unique_vals,ncolumns,time,gctime,memory,allocs
dataframesjl,increment_map,500000000,10000000,1000,4,4.331972e8,149900.0,4000004920,90
dataframesjl,filter_half,500000000,10000000,1000,4,4.47347709e10,2.71893e8,25966447760,1243997116
dataframesjl,reduce_var_all,500000000,10000000,1000,4,4.2094282e9,0.0,13728,277
dataframesjl,reduce_var_single,500000000,10000000,1000,4,1.0524697e9,0.0,4856,85
dataframesjl,groupby_reduce_mean_all,500000000,10000000,1000,4,6.2188472e9,932600.0,8000319288,5908
dataframesjl,groupby_single_col,500000000,10000000,1000,4,3.568686e8,329300.0,4000043096,305
dataframesjl,grouped_reduce_mean_singlecol,500000000,10000000,1000,4,1.0775247e9,0.0,81832,1530
dataframesjl,grouped_reduce_mean_allcols,500000000,10000000,1000,4,4.3768231e9,0.0,259136,5578
