tech,type,n,chunksize,unique_vals,ncolumns,time,gctime,memory,allocs
dtable,grouped_reduce_mean_singlecol,100000000,1000000,10000,4,9.9825172e9,5.0155973e9,2075075480,33533165
dtable,grouped_reduce_mean_allcols,100000000,1000000,10000,4,1.17387078e10,5.3724497e9,2546822482,44249430
