tech,type,n,chunksize,unique_vals,ncolumns,time,gctime,memory,allocs
dtable,grouped_reduce_mean_singlecol,1000000,10000000,10000,4,2.9404869e9,4.857521e8,1324555352,19670262
dtable,grouped_reduce_mean_allcols,1000000,10000000,10000,4,4.458381e9,6.861546e8,1755045440,29061771
