tech,type,n,chunksize,unique_vals,ncolumns,time,gctime,memory,allocs
dtable,grouped_reduce_mean_singlecol,500000000,1000000,1000,4,1.3762004e9,2.658158e8,341536536,5841824
dtable,grouped_reduce_mean_allcols,500000000,1000000,1000,4,2.5044586e9,3.283506e8,391217137,6919913
