tech,type,n,chunksize,unique_vals,ncolumns,time,gctime,memory,allocs
dtable,increment_map,500000000,10000000,1000,4,2.2366681e9,1.4571701e9,4004569712,91521
dtable,filter_half,500000000,10000000,1000,4,1.4057083e10,1.3597532e9,11749968080,244165878
dtable,reduce_var_all,500000000,10000000,1000,4,7.93146e8,0.0,7664674,143506
dtable,reduce_var_single,500000000,10000000,1000,4,2.048815e8,0.0,7197376,110713
dtable,groupby_reduce_mean_all,500000000,10000000,1000,4,2.488570102e11,9.42624348e10,148350617778,1017403671
