tech,type,n,chunksize,unique_vals,ncolumns,time,gctime,memory,allocs
dtable,increment_map,10000000,10000000,10000,4,1.51986e7,0.0,80083248,1622
dtable,filter_half,10000000,10000000,10000,4,6.152543e8,2.18135e7,468709936,19490951
dtable,reduce_var_all,10000000,10000000,10000,4,8.55321e7,0.0,1103088,21416
dtable,reduce_var_single,10000000,10000000,10000,4,2.25704e7,0.0,563552,10908
dtable,groupby_reduce_mean_all,10000000,10000000,10000,4,6.9150072e9,1.3033017e9,4020908352,46984393
