tech,type,n,chunksize,unique_vals,ncolumns,time,gctime,memory,allocs
dtable,increment_map,500000000,10000000,10000,4,2.2098405e9,1.4416317e9,4004597248,91502
dtable,filter_half,500000000,10000000,10000,4,2.05009775e10,4.6346878e9,22537417160,974599318
dtable,reduce_var_all,500000000,10000000,10000,4,7.890436e8,0.0,7582658,143285
dtable,reduce_var_single,500000000,10000000,10000,4,2.069724e8,0.0,7058064,107529
dtable,groupby_reduce_mean_all,500000000,10000000,10000,4,1.1927594113e12,7.615841964e11,133493659042,1285347910
