tech,type,n,chunksize,unique_vals,ncolumns,time,gctime,memory,allocs
dtable,increment_map,1000000,10000000,1000,4,2.0317e6,0.0,8083248,1622
dtable,filter_half,1000000,10000000,1000,4,4.75089e7,0.0,21057232,489854
dtable,reduce_var_all,1000000,10000000,1000,4,1.11428e7,0.0,1109312,21323
dtable,reduce_var_single,1000000,10000000,1000,4,3.6894e6,0.0,528016,10154
dtable,groupby_reduce_mean_all,1000000,10000000,1000,4,4.568626e8,2.96673e7,397386418,4538877
