tech,type,n,chunksize,unique_vals,ncolumns,time,gctime,memory,allocs
dtable,increment_map,100000000,10000000,1000,4,2.676713e8,0.0,806907328,120863
dtable,filter_half,100000000,10000000,1000,4,2.7093878e9,1.785857e8,2349441904,48819026
dtable,reduce_var_all,100000000,10000000,1000,4,1.802729e8,0.0,2032192,41222
dtable,reduce_var_single,100000000,10000000,1000,4,4.55846e7,0.0,1435488,29174
dtable,groupby_reduce_mean_all,100000000,10000000,1000,4,1.85971853e10,8.7689155e9,29887041296,206928914
