tech,type,n,chunksize,unique_vals,ncolumns,time,gctime,memory,allocs
dtable,increment_map,500000000,1000000,1000,4,8.459468e8,2.953147e8,4060629856,891128
dtable,filter_half,500000000,1000000,1000,4,1.39177632e10,1.3595342e9,10564790240,245641604
dtable,reduce_var_all,500000000,1000000,1000,4,8.781269e8,1.08492e7,78066080,1268392
dtable,reduce_var_single,500000000,1000000,1000,4,3.105148e8,1.18287e7,67552752,1026554
dtable,groupby_reduce_mean_all,500000000,1000000,1000,4,3.828963312e11,2.888425208e11,124386073904,1106843605
