tech,type,n,chunksize,unique_vals,ncolumns,time,gctime,memory,allocs
dtable,increment_map,1000000000,10000000,10000,4,5.1895624e9,3.5293927e9,8009796288,196011
dtable,filter_half,1000000000,10000000,10000,4,4.34135212e10,1.23823571e10,40383122640,1949353004
dtable,reduce_var_all,1000000000,10000000,10000,4,1.5776619e9,0.0,17254784,277097
dtable,reduce_var_single,1000000000,10000000,10000,4,3.874782e8,0.0,14015984,219480
