tech,type,n,chunksize,unique_vals,ncolumns,time,gctime,memory,allocs
dtable,increment_map,10000000,1000000,1000,4,1.03307e7,0.0,80839296,16795
dtable,filter_half,10000000,1000000,1000,4,2.41543e8,0.0,210363616,4900872
dtable,reduce_var_all,10000000,1000000,1000,4,2.3102e7,0.0,2055696,41805
dtable,reduce_var_single,10000000,1000000,1000,4,8.1106e6,0.0,1401312,28367
dtable,groupby_reduce_mean_all,10000000,1000000,1000,4,1.6181565e9,5.228067e8,2773060464,26458747
