tech,type,n,chunksize,unique_vals,ncolumns,time,gctime,memory,allocs
dtable,increment_map,1000000,10000000,10000,4,1.9585e6,0.0,8083248,1622
dtable,filter_half,1000000,10000000,10000,4,6.30075e7,0.0,44434384,1951197
dtable,reduce_var_all,1000000,10000000,10000,4,1.09434e7,0.0,1104512,21356
dtable,reduce_var_single,1000000,10000000,10000,4,3.5456e6,0.0,529104,10155
dtable,groupby_reduce_mean_all,1000000,10000000,10000,4,3.7806001e9,5.480037e8,1839106576,28156358
