tech,type,n,chunksize,unique_vals,ncolumns,time,gctime,memory,allocs
dtable,increment_map,10000000,10000000,1000,4,1.50822e7,0.0,80083248,1622
dtable,filter_half,10000000,10000000,1000,4,5.042145e8,0.0,235006720,4884504
dtable,reduce_var_all,10000000,10000000,1000,4,8.74122e7,0.0,1083040,21073
dtable,reduce_var_single,10000000,10000000,1000,4,2.27974e7,0.0,560288,10790
dtable,groupby_reduce_mean_all,10000000,10000000,1000,4,2.4238253e9,4.218632e8,3109304946,22589747
