tech,type,n,chunksize,unique_vals,ncolumns,time,gctime,memory,allocs
dtable,grouped_reduce_mean_singlecol,10000000,1000000,10000,4,3.4635985e9,3.836107e8,1480349656,22773958
dtable,grouped_reduce_mean_allcols,10000000,1000000,10000,4,5.6549763e9,5.955518e8,1963393504,34240775
