tech,type,n,chunksize,unique_vals,ncolumns,time,gctime,memory,allocs
dtable,increment_map,1000000000,1000000,1000,4,1.5104302e9,4.344969e8,8125881792,1831964
dtable,filter_half,1000000000,1000000,1000,4,2.89729369e10,2.8824323e9,21198616480,492856054
dtable,reduce_var_all,1000000000,1000000,1000,4,1.8200351e9,4.67153e7,161481232,2659326
dtable,reduce_var_single,1000000000,1000000,1000,4,6.621133e8,3.65993e7,142901232,2256125
dtable,groupby_reduce_mean_all,1000000000,1000000,1000,4,3.153115012e12,2.6859138653e12,256898532288,2387253563
