tech,type,n,chunksize,unique_vals,ncolumns,time,gctime,memory,allocs
dtable,increment_map,1000000000,1000000,10000,4,2.2663014e9,9.430934e8,8127568240,1888691
dtable,filter_half,1000000000,1000000,10000,4,4.3349588e10,1.301139e10,44635989424,1955109113
dtable,reduce_var_all,1000000000,1000000,10000,4,1.8063191e9,4.9906e7,161620689,2661155
dtable,reduce_var_single,1000000000,1000000,10000,4,6.587667e8,3.60764e7,135773664,2133107
