tech,type,n,chunksize,unique_vals,ncolumns,time,gctime,memory,allocs
dtable,increment_map,100000000,10000000,10000,4,2.631782e8,0.0,806907376,120864
dtable,filter_half,100000000,10000000,10000,4,4.1211964e9,8.085691e8,4571863288,194902364
dtable,reduce_var_all,100000000,10000000,10000,4,1.798128e8,0.0,2242353,44521
dtable,reduce_var_single,100000000,10000000,10000,4,4.63151e7,0.0,1431392,29080
dtable,groupby_reduce_mean_all,100000000,10000000,10000,4,9.71634873e10,5.61580888e10,28858174712,290149074
