tech,type,n,chunksize,unique_vals,ncolumns,time,gctime,memory,allocs
dtable,increment_map,1000000000,10000000,1000,4,5.2596503e9,3.580693e9,8009726128,195113
dtable,filter_half,1000000000,10000000,1000,4,2.89752415e10,2.6847363e9,23389295256,488444202
dtable,reduce_var_all,1000000000,10000000,1000,4,1.5789461e9,0.0,17176512,278244
dtable,reduce_var_single,1000000000,10000000,1000,4,3.893718e8,0.0,14395472,225859
dtable,groupby_reduce_mean_all,1000000000,10000000,1000,4,1.5390206177e12,5.542005722e11,296952931880,2040109111
